Year,TotalDeclaration
2023,1522238.3500000031
2024,1769867.5800000033
